rank,name,degree,centrality
1,john,3478,1.5631460674157303
2,crown,3000,1.348314606741573
3,william,2552,1.1469662921348314
4,thomas,2424,1.089438202247191
5,richard,2048,0.9204494382022472
6,robert,1608,0.7226966292134831
7,henry,1250,0.5617977528089888
8,walter,812,0.3649438202247191
9,nicholas,798,0.3586516853932584
10,roger,744,0.3343820224719101
